-- MySQL dump 10.13  Distrib 5.7.23, for Win64 (x86_64)
--
-- Host: localhost    Database: foodev_l54
-- ------------------------------------------------------
-- Server version	5.7.23

/*!40101 SET @OLD_CHARACTER_SET_CLIENT=@@CHARACTER_SET_CLIENT */;
/*!40101 SET @OLD_CHARACTER_SET_RESULTS=@@CHARACTER_SET_RESULTS */;
/*!40101 SET @OLD_COLLATION_CONNECTION=@@COLLATION_CONNECTION */;
/*!40101 SET NAMES utf8 */;
/*!40103 SET @OLD_TIME_ZONE=@@TIME_ZONE */;
/*!40103 SET TIME_ZONE='+00:00' */;
/*!40014 SET @OLD_UNIQUE_CHECKS=@@UNIQUE_CHECKS, UNIQUE_CHECKS=0 */;
/*!40014 SET @OLD_FOREIGN_KEY_CHECKS=@@FOREIGN_KEY_CHECKS, FOREIGN_KEY_CHECKS=0 */;
/*!40101 SET @OLD_SQL_MODE=@@SQL_MODE, SQL_MODE='NO_AUTO_VALUE_ON_ZERO' */;
/*!40111 SET @OLD_SQL_NOTES=@@SQL_NOTES, SQL_NOTES=0 */;

--
-- Table structure for table `categories`
--

DROP TABLE IF EXISTS `categories`;
/*!40101 SET @saved_cs_client     = @@character_set_client */;
/*!40101 SET character_set_client = utf8 */;
CREATE TABLE `categories` (
  `category_id` int(11) NOT NULL AUTO_INCREMENT,
  `category_id_parent` int(11) DEFAULT NULL,
  `category_id_parent_str` varchar(1000) CHARACTER SET utf8 DEFAULT NULL,
  `category_id_child_str` varchar(1000) COLLATE utf8_unicode_ci DEFAULT NULL,
  `category_name` varchar(255) CHARACTER SET utf8 DEFAULT NULL,
  `category_order` int(11) NOT NULL,
  `category_slug` varchar(255) CHARACTER SET utf8 DEFAULT NULL,
  `category_overview` varchar(1000) CHARACTER SET utf8 DEFAULT NULL,
  `category_description` text CHARACTER SET utf8,
  `category_image` varchar(255) COLLATE utf8_unicode_ci DEFAULT NULL,
  `category_status` tinyint(2) DEFAULT NULL,
  `user_id` int(11) DEFAULT NULL,
  `user_full_name` varchar(255) COLLATE utf8_unicode_ci DEFAULT NULL,
  `context_id` int(11) DEFAULT NULL,
  `created_at` timestamp NULL DEFAULT NULL,
  `updated_at` timestamp NULL DEFAULT NULL,
  PRIMARY KEY (`category_id`)
) ENGINE=MyISAM AUTO_INCREMENT=13 DEFAULT CHARSET=utf8 COLLATE=utf8_unicode_ci;
/*!40101 SET character_set_client = @saved_cs_client */;

--
-- Dumping data for table `categories`
--

LOCK TABLES `categories` WRITE;
/*!40000 ALTER TABLE `categories` DISABLE KEYS */;
INSERT INTO `categories` VALUES (1,NULL,NULL,'{\"2\":1,\"5\":1,\"3\":1,\"4\":1}','root',0,NULL,'$_id_childs$_id_childs$_id_childs$_id_childs$_id_childs$_id_childs$_id_childs$_id_childs$_id_childs$_id_childs$_id_childs$_id_childs','<p>$_id_childs$_id_childs$_id_childs$_id_childs$_id_childs$_id_childs$_id_childs$_id_childs$_id_childs$_id_childs$_id_childs$_id_childs$_id_childs$_id_childs$_id_childs</p>',NULL,NULL,9999,'Lê Super Admin',4,'2018-04-06 22:03:27','2018-04-06 22:04:51'),(2,1,'{\"1\":1}','{\"5\":1}','child 1',0,NULL,'$_id_childs$_id_childs$_id_childs$_id_childs$_id_childs$_id_childs$_id_childs$_id_childs$_id_childs$_id_childs$_id_childs$_id_childs','<p>$_id_childs$_id_childs$_id_childs$_id_childs$_id_childs$_id_childs$_id_childs$_id_childs$_id_childs$_id_childs$_id_childs$_id_childs$_id_childs$_id_childs$_id_childs</p>',NULL,NULL,9999,'Lê Super Admin',4,'2018-04-06 22:03:50','2018-04-06 22:04:51'),(3,1,'{\"1\":1}','{\"4\":1}','child 2',0,NULL,'$_id_childs$_id_childs$_id_childs$_id_childs$_id_childs$_id_childs$_id_childs$_id_childs$_id_childs$_id_childs$_id_childs$_id_childs','<p>$_id_childs$_id_childs$_id_childs$_id_childs$_id_childs$_id_childs$_id_childs$_id_childs$_id_childs$_id_childs$_id_childs$_id_childs$_id_childs$_id_childs$_id_childs</p>',NULL,NULL,9999,'Lê Super Admin',4,'2018-04-06 22:04:05','2018-04-06 22:04:25'),(4,3,'{\"3\":1,\"1\":1}',NULL,'child 21111111',0,NULL,'$_id_childs$_id_childs$_id_childs$_id_childs$_id_childs$_id_childs$_id_childs$_id_childs$_id_childs$_id_childs$_id_childs$_id_childs','<p>$_id_childs$_id_childs$_id_childs$_id_childs$_id_childs$_id_childs$_id_childs$_id_childs$_id_childs$_id_childs$_id_childs$_id_childs$_id_childs$_id_childs$_id_childs</p>',NULL,NULL,9999,'Lê Super Admin',4,'2018-04-06 22:04:25','2018-04-06 22:04:25'),(5,2,'{\"2\":1,\"1\":1}',NULL,'child 111111111',0,NULL,'$_id_childs$_id_childs$_id_childs$_id_childs$_id_childs$_id_childs$_id_childs$_id_childs$_id_childs$_id_childs$_id_childs$_id_childs','<p>$_id_childs$_id_childs$_id_childs$_id_childs$_id_childs$_id_childs$_id_childs$_id_childs$_id_childs$_id_childs$_id_childs$_id_childs$_id_childs$_id_childs$_id_childs</p>',NULL,NULL,9999,'Lê Super Admin',4,'2018-04-06 22:04:51','2018-04-06 22:04:51'),(6,NULL,NULL,NULL,'Trang chủ',0,NULL,'Lorem ipsum dolor sit amet, consectetur adipisicing elit.Lorem ipsum dolor sit amet, consectetur adipisicing elit.','<p>Lorem ipsum dolor sit amet, consectetur adipisicing elit.Lorem ipsum dolor sit amet, consectetur adipisicing elit.Lorem ipsum dolor sit amet, consectetur adipisicing elit.</p>',NULL,99,9999,'Lê Super Admin',6,NULL,NULL),(7,NULL,NULL,NULL,'Tài liệu',0,NULL,'Lorem ipsum dolor sit amet, consectetur adipisicing elit.Lorem ipsum dolor sit amet, consectetur adipisicing elit.','<p>Lorem ipsum dolor sit amet, consectetur adipisicing elit.Lorem ipsum dolor sit amet, consectetur adipisicing elit.Lorem ipsum dolor sit amet, consectetur adipisicing elit.</p>',NULL,99,9999,'Lê Super Admin',6,NULL,NULL),(8,7,'{\"7\":1}',NULL,'HTML/CSS',0,NULL,'Lorem ipsum dolor sit amet, consectetur adipisicing elit.Lorem ipsum dolor sit amet, consectetur adipisicing elit.','<p>Lorem ipsum dolor sit amet, consectetur adipisicing elit.Lorem ipsum dolor sit amet, consectetur adipisicing elit.Lorem ipsum dolor sit amet, consectetur adipisicing elit.</p>',NULL,99,9999,'Lê Super Admin',6,NULL,NULL),(9,NULL,NULL,NULL,'Chúng tôi',0,NULL,'Lorem ipsum dolor sit amet, consectetur adipisicing elit.Lorem ipsum dolor sit amet, consectetur adipisicing elit.','<p>Lorem ipsum dolor sit amet, consectetur adipisicing elit.Lorem ipsum dolor sit amet, consectetur adipisicing elit.Lorem ipsum dolor sit amet, consectetur adipisicing elit.</p>',NULL,99,9999,'Lê Super Admin',6,NULL,NULL),(10,NULL,NULL,NULL,'Phòng kinh doanh',0,NULL,'Lorem ipsum dolor sit amet, consectetur adipisicing elit.','<p>Lorem ipsum dolor sit amet, consectetur adipisicing elit.Lorem ipsum dolor sit amet, consectetur adipisicing elit.Lorem ipsum dolor sit amet, consectetur adipisicing elit.</p>',NULL,NULL,9999,'Lê Super Admin',2,NULL,NULL),(11,NULL,NULL,NULL,'Phòng nhân sự',0,NULL,'Lorem ipsum dolor sit amet, consectetur adipisicing elit.Lorem ipsum dolor sit amet, consectetur adipisicing elit.','<p>Lorem ipsum dolor sit amet, consectetur adipisicing elit.Lorem ipsum dolor sit amet, consectetur adipisicing elit.Lorem ipsum dolor sit amet, consectetur adipisicing elit.</p>',NULL,NULL,9999,'Lê Super Admin',2,NULL,NULL);
/*!40000 ALTER TABLE `categories` ENABLE KEYS */;
UNLOCK TABLES;

--
-- Table structure for table `contexts`
--

DROP TABLE IF EXISTS `contexts`;
/*!40101 SET @saved_cs_client     = @@character_set_client */;
/*!40101 SET character_set_client = utf8 */;
CREATE TABLE `contexts` (
  `context_id` int(11) NOT NULL AUTO_INCREMENT,
  `context_name` varchar(255) COLLATE utf8_unicode_ci DEFAULT NULL,
  `context_key` varchar(255) COLLATE utf8_unicode_ci DEFAULT NULL,
  `context_ref` varchar(255) CHARACTER SET utf8 DEFAULT NULL,
  `context_status` tinyint(2) DEFAULT '0',
  `context_notes` varchar(1000) COLLATE utf8_unicode_ci DEFAULT NULL,
  `user_id` int(11) DEFAULT NULL,
  `user_full_name` varchar(255) COLLATE utf8_unicode_ci DEFAULT NULL,
  `created_at` timestamp NULL DEFAULT NULL,
  `updated_at` timestamp NULL DEFAULT NULL,
  PRIMARY KEY (`context_id`)
) ENGINE=MyISAM AUTO_INCREMENT=8 DEFAULT CHARSET=utf8 COLLATE=utf8_unicode_ci;
/*!40101 SET character_set_client = @saved_cs_client */;

--
-- Dumping data for table `contexts`
--

LOCK TABLES `contexts` WRITE;
/*!40000 ALTER TABLE `contexts` DISABLE KEYS */;
INSERT INTO `contexts` VALUES (1,'Sample','31011ca423703da4e7a48f00eec12','admin/samples',1,NULL,9999,'Lê Super Admin','2018-03-25 19:21:29','2018-03-25 20:39:31'),(2,'User department','af36197583414ee1e26fccdc6a98','user/department',1,NULL,9999,'Lê Super Admin','2018-03-25 22:00:27','2018-03-25 22:00:27'),(3,'Permissions','59c873e29b03ad5ec649bfeadd','admin/permissions',1,NULL,9999,'Lê Super Admin','2018-03-26 00:01:21','2018-03-26 00:01:21'),(4,'Posts','c09ae13b96c65a5a04b76ea7ac','admin/posts',1,NULL,9999,'Lê Super Admin','2018-03-26 00:53:36','2018-03-26 00:53:36'),(5,'Slideshow','c631a3702ccf1b1256e6c85b54c67','admin/slideshows',1,NULL,9999,'Lê Super Admin','2018-03-26 23:38:23','2018-03-26 23:38:23'),(6,'main_menu','b0604e17bfb90d494a55bdd97e0bb','main_menu',1,NULL,9999,'Lê Super Admin','2018-04-01 19:50:29','2018-04-01 19:50:29'),(7,'admin/api','0bcaf86a21a138d94a8428b6ed','admin/api',NULL,NULL,9999,'Lê Super Admin','2018-04-09 01:32:56','2018-04-09 01:32:56');
/*!40000 ALTER TABLE `contexts` ENABLE KEYS */;
UNLOCK TABLES;

--
-- Table structure for table `groups`
--

DROP TABLE IF EXISTS `groups`;
/*!40101 SET @saved_cs_client     = @@character_set_client */;
/*!40101 SET character_set_client = utf8 */;
CREATE TABLE `groups` (
  `id` int(10) unsigned NOT NULL AUTO_INCREMENT,
  `name` varchar(100) COLLATE utf8mb4_unicode_ci NOT NULL,
  `permissions` text COLLATE utf8mb4_unicode_ci,
  `protected` tinyint(1) NOT NULL DEFAULT '0',
  `created_at` timestamp NULL DEFAULT NULL,
  `updated_at` timestamp NULL DEFAULT NULL,
  PRIMARY KEY (`id`),
  UNIQUE KEY `groups_name_unique` (`name`)
) ENGINE=MyISAM AUTO_INCREMENT=4 DEFAULT CHARSET=utf8mb4 COLLATE=utf8mb4_unicode_ci;
/*!40101 SET character_set_client = @saved_cs_client */;

--
-- Dumping data for table `groups`
--

LOCK TABLES `groups` WRITE;
/*!40000 ALTER TABLE `groups` DISABLE KEYS */;
INSERT INTO `groups` VALUES (1,'superadmin','{\"_superadmin\":1}',0,'2019-10-20 23:35:30','2019-10-20 23:35:30'),(2,'editor','{\"_user-editor\":1,\"_group-editor\":1}',0,'2019-10-20 23:35:30','2019-10-20 23:35:30'),(3,'base admin','{\"_user-editor\":1}',0,'2019-10-20 23:35:30','2019-10-20 23:35:30');
/*!40000 ALTER TABLE `groups` ENABLE KEYS */;
UNLOCK TABLES;

--
-- Table structure for table `migrations`
--

DROP TABLE IF EXISTS `migrations`;
/*!40101 SET @saved_cs_client     = @@character_set_client */;
/*!40101 SET character_set_client = utf8 */;
CREATE TABLE `migrations` (
  `id` int(10) unsigned NOT NULL AUTO_INCREMENT,
  `migration` varchar(255) COLLATE utf8mb4_unicode_ci NOT NULL,
  `batch` int(11) NOT NULL,
  PRIMARY KEY (`id`)
) ENGINE=MyISAM AUTO_INCREMENT=10 DEFAULT CHARSET=utf8mb4 COLLATE=utf8mb4_unicode_ci;
/*!40101 SET character_set_client = @saved_cs_client */;

--
-- Dumping data for table `migrations`
--

LOCK TABLES `migrations` WRITE;
/*!40000 ALTER TABLE `migrations` DISABLE KEYS */;
INSERT INTO `migrations` VALUES (1,'2012_12_06_225988_migration_cartalyst_sentry_install_throttle',1),(2,'2014_02_19_095545_create_users_table',1),(3,'2014_02_19_095623_create_user_groups_table',1),(4,'2014_02_19_095637_create_groups_table',1),(5,'2014_02_19_160516_create_permission_table',1),(6,'2014_02_26_165011_create_user_profile_table',1),(7,'2014_05_06_122145_create_profile_field_types',1),(8,'2014_05_06_122155_create_profile_field',1),(9,'2014_10_12_100000_create_password_resets_table',1);
/*!40000 ALTER TABLE `migrations` ENABLE KEYS */;
UNLOCK TABLES;

--
-- Table structure for table `password_resets`
--

DROP TABLE IF EXISTS `password_resets`;
/*!40101 SET @saved_cs_client     = @@character_set_client */;
/*!40101 SET character_set_client = utf8 */;
CREATE TABLE `password_resets` (
  `email` varchar(100) COLLATE utf8mb4_unicode_ci NOT NULL,
  `token` varchar(100) COLLATE utf8mb4_unicode_ci NOT NULL,
  `created_at` timestamp NOT NULL,
  KEY `password_resets_email_index` (`email`),
  KEY `password_resets_token_index` (`token`)
) ENGINE=MyISAM DEFAULT CHARSET=utf8mb4 COLLATE=utf8mb4_unicode_ci;
/*!40101 SET character_set_client = @saved_cs_client */;

--
-- Dumping data for table `password_resets`
--

LOCK TABLES `password_resets` WRITE;
/*!40000 ALTER TABLE `password_resets` DISABLE KEYS */;
/*!40000 ALTER TABLE `password_resets` ENABLE KEYS */;
UNLOCK TABLES;

--
-- Table structure for table `permission`
--

DROP TABLE IF EXISTS `permission`;
/*!40101 SET @saved_cs_client     = @@character_set_client */;
/*!40101 SET character_set_client = utf8 */;
CREATE TABLE `permission` (
  `id` int(10) unsigned NOT NULL AUTO_INCREMENT,
  `overview` varchar(500) COLLATE utf8mb4_unicode_ci NOT NULL,
  `description` varchar(255) COLLATE utf8mb4_unicode_ci NOT NULL,
  `url` varchar(255) COLLATE utf8mb4_unicode_ci NOT NULL,
  `permission` varchar(255) COLLATE utf8mb4_unicode_ci NOT NULL,
  `protected` tinyint(1) NOT NULL DEFAULT '0',
  `created_at` timestamp NULL DEFAULT NULL,
  `updated_at` timestamp NULL DEFAULT NULL,
  PRIMARY KEY (`id`)
) ENGINE=MyISAM AUTO_INCREMENT=6 DEFAULT CHARSET=utf8mb4 COLLATE=utf8mb4_unicode_ci;
/*!40101 SET character_set_client = @saved_cs_client */;

--
-- Dumping data for table `permission`
--

LOCK TABLES `permission` WRITE;
/*!40000 ALTER TABLE `permission` DISABLE KEYS */;
INSERT INTO `permission` VALUES (1,'','superadmin','','_superadmin',0,'2019-10-20 23:35:30','2019-10-20 23:35:30'),(2,'','user editor','','_user-editor',0,'2019-10-20 23:35:30','2019-10-20 23:35:30'),(3,'','group editor','','_group-editor',0,'2019-10-20 23:35:30','2019-10-20 23:35:30'),(4,'','permission editor','','_permission-editor',0,'2019-10-20 23:35:30','2019-10-20 23:35:30'),(5,'','profile type editor','','_profile-editor',0,'2019-10-20 23:35:30','2019-10-20 23:35:30');
/*!40000 ALTER TABLE `permission` ENABLE KEYS */;
UNLOCK TABLES;

--
-- Table structure for table `profile_field`
--

DROP TABLE IF EXISTS `profile_field`;
/*!40101 SET @saved_cs_client     = @@character_set_client */;
/*!40101 SET character_set_client = utf8 */;
CREATE TABLE `profile_field` (
  `id` int(10) unsigned NOT NULL AUTO_INCREMENT,
  `profile_id` int(10) unsigned NOT NULL,
  `profile_field_type_id` int(10) unsigned NOT NULL,
  `value` varchar(255) COLLATE utf8mb4_unicode_ci NOT NULL,
  `created_at` timestamp NULL DEFAULT NULL,
  `updated_at` timestamp NULL DEFAULT NULL,
  PRIMARY KEY (`id`),
  UNIQUE KEY `profile_field_profile_id_profile_field_type_id_unique` (`profile_id`,`profile_field_type_id`),
  KEY `profile_field_profile_field_type_id_foreign` (`profile_field_type_id`)
) ENGINE=MyISAM DEFAULT CHARSET=utf8mb4 COLLATE=utf8mb4_unicode_ci;
/*!40101 SET character_set_client = @saved_cs_client */;

--
-- Dumping data for table `profile_field`
--

LOCK TABLES `profile_field` WRITE;
/*!40000 ALTER TABLE `profile_field` DISABLE KEYS */;
/*!40000 ALTER TABLE `profile_field` ENABLE KEYS */;
UNLOCK TABLES;

--
-- Table structure for table `profile_field_type`
--

DROP TABLE IF EXISTS `profile_field_type`;
/*!40101 SET @saved_cs_client     = @@character_set_client */;
/*!40101 SET character_set_client = utf8 */;
CREATE TABLE `profile_field_type` (
  `id` int(10) unsigned NOT NULL AUTO_INCREMENT,
  `description` varchar(255) COLLATE utf8mb4_unicode_ci NOT NULL,
  `created_at` timestamp NULL DEFAULT NULL,
  `updated_at` timestamp NULL DEFAULT NULL,
  PRIMARY KEY (`id`)
) ENGINE=MyISAM DEFAULT CHARSET=utf8mb4 COLLATE=utf8mb4_unicode_ci;
/*!40101 SET character_set_client = @saved_cs_client */;

--
-- Dumping data for table `profile_field_type`
--

LOCK TABLES `profile_field_type` WRITE;
/*!40000 ALTER TABLE `profile_field_type` DISABLE KEYS */;
/*!40000 ALTER TABLE `profile_field_type` ENABLE KEYS */;
UNLOCK TABLES;

--
-- Table structure for table `throttle`
--

DROP TABLE IF EXISTS `throttle`;
/*!40101 SET @saved_cs_client     = @@character_set_client */;
/*!40101 SET character_set_client = utf8 */;
CREATE TABLE `throttle` (
  `id` int(10) unsigned NOT NULL AUTO_INCREMENT,
  `user_id` int(10) unsigned DEFAULT NULL,
  `ip_address` varchar(255) COLLATE utf8mb4_unicode_ci DEFAULT NULL,
  `attempts` int(11) NOT NULL DEFAULT '0',
  `suspended` tinyint(1) NOT NULL DEFAULT '0',
  `banned` tinyint(1) NOT NULL DEFAULT '0',
  `last_attempt_at` timestamp NULL DEFAULT NULL,
  `suspended_at` timestamp NULL DEFAULT NULL,
  `banned_at` timestamp NULL DEFAULT NULL,
  PRIMARY KEY (`id`),
  KEY `throttle_user_id_index` (`user_id`)
) ENGINE=InnoDB AUTO_INCREMENT=2 DEFAULT CHARSET=utf8mb4 COLLATE=utf8mb4_unicode_ci;
/*!40101 SET character_set_client = @saved_cs_client */;

--
-- Dumping data for table `throttle`
--

LOCK TABLES `throttle` WRITE;
/*!40000 ALTER TABLE `throttle` DISABLE KEYS */;
INSERT INTO `throttle` VALUES (1,1,'127.0.0.1',0,0,0,NULL,NULL,NULL);
/*!40000 ALTER TABLE `throttle` ENABLE KEYS */;
UNLOCK TABLES;

--
-- Table structure for table `user_profile`
--

DROP TABLE IF EXISTS `user_profile`;
/*!40101 SET @saved_cs_client     = @@character_set_client */;
/*!40101 SET character_set_client = utf8 */;
CREATE TABLE `user_profile` (
  `id` int(10) unsigned NOT NULL AUTO_INCREMENT,
  `user_id` int(10) unsigned NOT NULL,
  `code` varchar(25) COLLATE utf8mb4_unicode_ci DEFAULT NULL,
  `vat` varchar(20) COLLATE utf8mb4_unicode_ci DEFAULT NULL,
  `first_name` varchar(50) COLLATE utf8mb4_unicode_ci DEFAULT NULL,
  `last_name` varchar(50) COLLATE utf8mb4_unicode_ci DEFAULT NULL,
  `phone` varchar(20) COLLATE utf8mb4_unicode_ci DEFAULT NULL,
  `state` varchar(20) COLLATE utf8mb4_unicode_ci DEFAULT NULL,
  `city` varchar(50) COLLATE utf8mb4_unicode_ci DEFAULT NULL,
  `country` varchar(50) COLLATE utf8mb4_unicode_ci DEFAULT NULL,
  `sex` varchar(1) COLLATE utf8mb4_unicode_ci DEFAULT NULL,
  `category_id` int(11) DEFAULT NULL,
  `address` varchar(100) COLLATE utf8mb4_unicode_ci DEFAULT NULL,
  `avatar` blob,
  `created_at` timestamp NULL DEFAULT NULL,
  `updated_at` timestamp NULL DEFAULT NULL,
  PRIMARY KEY (`id`),
  KEY `user_profile_user_id_foreign` (`user_id`)
) ENGINE=MyISAM AUTO_INCREMENT=2 DEFAULT CHARSET=utf8mb4 COLLATE=utf8mb4_unicode_ci;
/*!40101 SET character_set_client = @saved_cs_client */;

--
-- Dumping data for table `user_profile`
--

LOCK TABLES `user_profile` WRITE;
/*!40000 ALTER TABLE `user_profile` DISABLE KEYS */;
INSERT INTO `user_profile` VALUES (1,1,NULL,NULL,NULL,NULL,NULL,NULL,NULL,NULL,NULL,NULL,NULL,NULL,'2019-10-20 23:35:31','2019-10-20 23:35:31');
/*!40000 ALTER TABLE `user_profile` ENABLE KEYS */;
UNLOCK TABLES;

--
-- Table structure for table `users`
--

DROP TABLE IF EXISTS `users`;
/*!40101 SET @saved_cs_client     = @@character_set_client */;
/*!40101 SET character_set_client = utf8 */;
CREATE TABLE `users` (
  `id` int(10) unsigned NOT NULL AUTO_INCREMENT,
  `email` varchar(100) COLLATE utf8mb4_unicode_ci NOT NULL,
  `password` varchar(255) COLLATE utf8mb4_unicode_ci NOT NULL,
  `permissions` text COLLATE utf8mb4_unicode_ci,
  `activated` tinyint(1) NOT NULL DEFAULT '0',
  `banned` tinyint(1) NOT NULL DEFAULT '0',
  `activation_code` varchar(100) COLLATE utf8mb4_unicode_ci DEFAULT NULL,
  `activated_at` timestamp NULL DEFAULT NULL,
  `last_login` timestamp NULL DEFAULT NULL,
  `persist_code` varchar(255) COLLATE utf8mb4_unicode_ci DEFAULT NULL,
  `reset_password_code` varchar(100) COLLATE utf8mb4_unicode_ci DEFAULT NULL,
  `protected` tinyint(1) NOT NULL DEFAULT '0',
  `created_at` timestamp NULL DEFAULT NULL,
  `updated_at` timestamp NULL DEFAULT NULL,
  PRIMARY KEY (`id`),
  UNIQUE KEY `users_email_unique` (`email`),
  KEY `users_activation_code_index` (`activation_code`),
  KEY `users_reset_password_code_index` (`reset_password_code`)
) ENGINE=MyISAM AUTO_INCREMENT=2 DEFAULT CHARSET=utf8mb4 COLLATE=utf8mb4_unicode_ci;
/*!40101 SET character_set_client = @saved_cs_client */;

--
-- Dumping data for table `users`
--

LOCK TABLES `users` WRITE;
/*!40000 ALTER TABLE `users` DISABLE KEYS */;
INSERT INTO `users` VALUES (1,'admin@admin.com','$2y$10$sbTu1SKgoEXXgTLqLXzIbO5eEjTspf0xwV0ZXtG0J2.FH4pTFYMAq',NULL,1,0,NULL,NULL,'2019-10-20 23:35:48','$2y$10$0PF.De9.ciBgr3oURtnnmeaKDt6T5qmyLBra4cOnHJoRX3CvJk/TC',NULL,0,'2019-10-20 23:35:30','2019-10-20 23:35:48');
/*!40000 ALTER TABLE `users` ENABLE KEYS */;
UNLOCK TABLES;

--
-- Table structure for table `users_groups`
--

DROP TABLE IF EXISTS `users_groups`;
/*!40101 SET @saved_cs_client     = @@character_set_client */;
/*!40101 SET character_set_client = utf8 */;
CREATE TABLE `users_groups` (
  `user_id` int(10) unsigned NOT NULL,
  `group_id` int(10) unsigned NOT NULL,
  PRIMARY KEY (`user_id`,`group_id`)
) ENGINE=MyISAM DEFAULT CHARSET=utf8mb4 COLLATE=utf8mb4_unicode_ci;
/*!40101 SET character_set_client = @saved_cs_client */;

--
-- Dumping data for table `users_groups`
--

LOCK TABLES `users_groups` WRITE;
/*!40000 ALTER TABLE `users_groups` DISABLE KEYS */;
INSERT INTO `users_groups` VALUES (1,1);
/*!40000 ALTER TABLE `users_groups` ENABLE KEYS */;
UNLOCK TABLES;
/*!40103 SET TIME_ZONE=@OLD_TIME_ZONE */;

/*!40101 SET SQL_MODE=@OLD_SQL_MODE */;
/*!40014 SET FOREIGN_KEY_CHECKS=@OLD_FOREIGN_KEY_CHECKS */;
/*!40014 SET UNIQUE_CHECKS=@OLD_UNIQUE_CHECKS */;
/*!40101 SET CHARACTER_SET_CLIENT=@OLD_CHARACTER_SET_CLIENT */;
/*!40101 SET CHARACTER_SET_RESULTS=@OLD_CHARACTER_SET_RESULTS */;
/*!40101 SET COLLATION_CONNECTION=@OLD_COLLATION_CONNECTION */;
/*!40111 SET SQL_NOTES=@OLD_SQL_NOTES */;

-- Dump completed on 2019-10-21 13:39:27
